nombre,password
Gabriellia,eT
Basia,gg
Barbi," D"
Trudie,At
Averyl,Wr
Halette,cN
Vita,BP
Sophia,ZG
Dale,mx
Karolina,dw
Janenna,tG
Nicoli,bB
Judy,Tp
Gui,sg
Charissa,Bp
Dawn,Ho
Blondelle,Kk
Goldie,RI
Olwen,jg
Madeleine,Nr
Cathyleen,Aa
Jenda,LP
Tonia,bz
Jany,"A "
Ariela,CO
Emilia,lu
Mireielle,Ka
Frieda,ay
Sadie,xI
Fina,Hk
Alyssa,YB
Stevana,AA
Helena,na
Betta,mo
Dianemarie,Jx
Caryl,aO
Sindee,SS
Ariela,jA
Leontine,vq
Jemie," P"
Helsa,Xq
Renae,Dq
Carilyn,nY
Gusella,le
Romona,nP
Dorice,iy
Fanny,oY
Alyda,ff
Elmira,TN
Brynna,qJ
Louella,nV
Nariko,CR
Georgina,dt
Cristine,zB
Alex,YY
Myriam,lO
Cyb,Fw
Marnia,De
Roseline,xR
Thalia,fK
Delilah,Jy
Xylina,FP
Lilith,kC
Ebonee,qq
Chandra,og
Rani,sZ
Ottilie,ts
Maryellen,lM
Georgina,Op
Anestassia,Mr
Aubrie,Dr
Carilyn,jn
Kimmy,Dh
Annabela,kw
Hope,gy
Anestassia,uG
Melodie,ED
Karly,Ls
Collen,Lu
Ernesta,th
Lexine,Vj
Atlanta,oQ
Alia,Mq
Sandie,uL
Nataline,aM
Beatriz,nB
Riannon,UE
Riannon,Mq
Ira,bt
Ninnetta,sK
Carlie,ze
Rubie,Pb
Robbi,"k "
Tressa,Ho
Binny,fR
Lorenza,ym
Augustine,oH
Amara,hP
Shannah,Ly
Marcy,Vy
Dawn,CI
Antonietta,pV
Emma,OB
Aeriela,vA
Sean,mP
Kathi,XR
Hyacinthe,gq
Roxane,xz
Addia,hK
Gratia,vp
Nikki,lc
Iseabal,Us
Leia,rH
Helsa,CH
Brynna,yn
Lory,ZH
Deane,Ki
Andeee,aF
Thalia,sQ
Clarice,KH
Leontine,"Q "
Livvyy,oO
Elora,mM
Danika,AX
Angelique,Su
Pearline,EB
Ermengarde,ay
Susette,jh
Henriette,xB
Nollie,js
Patricia,qW
Zsa Zsa,Hv
Minda,tq
Lucille,Sc
Annaliese,ra
Deloria,AE
Kirstin,fR
Charmaine,iP
Tobe,oZ
Ezmeralda,hv
Consuela,KK
Joelly,Br
Dulcinea,iM
Marcelline,KH
Marcelline,jC
Agathe,Yy
Vonny,PI
Edyth,fx
Alyda,ww
Tamqrah,mX